{
  "A": [[500,200],[225.00001525878906,70.09617614746094],[224.99999237060547,329.90380859375]],
  "B": [[500,200],[199.99998474121094,373.205078125],[200.00001525878906,26.794906616210938]],
  "union": [[[[199.99998474121094,373.205078125],[200.00001525878906,26.794906616210938],[500,200],[199.99998474121094,373.205078125]]]],
  "intersect": [[[[224.99999237060547,329.90380859375],[225.00001525878906,70.09617614746094],[500,200],[224.99999237060547,329.90380859375]]]],
  "difference": [],
  "exclude0": [[[[199.99998474121094,373.205078125],[200.00001525878906,26.794906616210938],[500,200],[199.99998474121094,373.205078125]],[[500,200],[225.00001525878906,70.09617614746094],[224.99999237060547,329.90380859375],[500,200]]]],
  "exclude1": [[[[500,200],[225.00001525878906,70.09617614746094],[224.99999237060547,329.90380859375],[500,200],[199.99998474121094,373.205078125],[200.00001525878906,26.794906616210938]]]]
}
